{"cameraMode":{"drawMode":0,"name":"Shaded","section":"Shading Mode"},"sceneLighting":true,"audioPlay":false,"sceneViewState":{"showFog":true,"showMaterialUpdate":false,"showSkybox":true,"showFlares":true,"showImageEffects":true,"showParticleSystems":true},"in2DMode":false,"pivot":{"x":0.6881961822509766,"y":1.6587677001953126,"z":-6.242051124572754},"rotation":{"x":-0.32265788316726687,"y":0.5882202386856079,"z":-0.2757088541984558,"w":-0.6883840560913086},"size":13.663480758666993,"orthographic":false}