{"cameraMode":{"drawMode":0,"name":"Shaded","section":"Shading Mode"},"sceneLighting":true,"audioPlay":false,"sceneViewState":{"showFog":true,"showMaterialUpdate":false,"showSkybox":true,"showFlares":true,"showImageEffects":true,"showParticleSystems":true},"in2DMode":false,"pivot":{"x":3.327794075012207,"y":-2.749135971069336,"z":-19.18716049194336},"rotation":{"x":0.01812085695564747,"y":-0.9792976975440979,"z":0.17396675050258637,"w":0.10201016068458557},"size":62.44990539550781,"orthographic":false}