{"cameraMode":{"drawMode":0,"name":"Shaded","section":"Shading Mode"},"sceneLighting":true,"audioPlay":false,"sceneViewState":{"showFog":true,"showMaterialUpdate":false,"showSkybox":true,"showFlares":true,"showImageEffects":true,"showParticleSystems":true},"in2DMode":false,"pivot":{"x":-2.4256086349487306,"y":1.4111661911010743,"z":-15.250406265258789},"rotation":{"x":-0.21636809408664704,"y":0.6810607314109802,"z":-0.22215650975704194,"w":-0.663314938545227},"size":11.621403694152832,"orthographic":false}